Agent,Time,Method,Resource,Version,Status
PostmanRuntime/6.4.1,2017-11-09T00:12:27.650Z,PATCH,/api/TodoItems/2,HTTP/1.1,200
PostmanRuntime/6.4.1,2017-11-09T00:13:13.234Z,PATCH,/api/TodoItems/2,HTTP/1.1,200
PostmanRuntime/6.4.1,2017-11-09T00:21:47.729Z,PATCH,/api/TodoItems/2,HTTP/1.1,200
PostmanRuntime/6.4.1,2017-11-09T00:23:02.973Z,PATCH,/api/TodoItems/2,HTTP/1.1,200
PostmanRuntime/6.4.1,2017-11-09T00:25:13.368Z,PATCH,/api/TodoItems/2,HTTP/1.1,200
PostmanRuntime/6.4.1,2017-11-09T00:26:34.351Z,PATCH,/api/TodoItems/2,HTTP/1.1,200
PostmanRuntime/6.4.1,2017-11-09T00:27:23.509Z,PATCH,/api/TodoItems/2,HTTP/1.1,200
PostmanRuntime/6.4.1,2017-11-09T00:28:21.025Z,PATCH,/api/TodoItems/2,HTTP/1.1,200
PostmanRuntime/6.4.1,2017-11-09T00:28:43.305Z,PATCH,/api/TodoItems/2,HTTP/1.1,200
PostmanRuntime/6.4.1,2017-11-09T00:29:24.846Z,PATCH,/api/TodoItems/2,HTTP/1.1,200
PostmanRuntime/6.4.1,2017-11-09T00:29:58.115Z,PATCH,/api/TodoItems/2,HTTP/1.1,200
PostmanRuntime/6.4.1,2017-11-09T00:30:59.863Z,PATCH,/api/TodoItems/2,HTTP/1.1,201
PostmanRuntime/6.4.1,2017-11-09T00:31:44.265Z,PATCH,/api/TodoItems/2,HTTP/1.1,201